{
  "accuracy": 0.7622377622377622,
  "f1_macro": 0.7608225108225108,
  "roc_auc": 0.8294163728946339,
  "average_precision": 0.8410787474970394,
  "n_train": 572,
  "n_test": 143
}